(S"var markers = [[ '29777180', 40.811275, -73.924579, 'http://www.zillow.com/homedetails/295-Alexander-Ave-Bronx-NY-10454/29777180_zpid/' ],[ '29777251.0', 40.82069, -73.927405, 'http://www.zillow.com/homedetails/624-Walton-Ave-Bronx-NY-10451/29777251_zpid/' ],[ '29777572.0', 40.828495, -73.908144, 'http://www.zillow.com/homedetails/1098-Washington-Ave-Bronx-NY-10456/29777572_zpid/' ],[ '29777669.0', 40.82955, -73.908189, 'http://www.zillow.com/homedetails/1143-Washington-Ave-Bronx-NY-10456/29777669_zpid/' ],[ '29777690', 40.818555, -73.9172, 'http://www.zillow.com/homedetails/387-E-152nd-St-Bronx-NY-10455/29777690_zpid/' ],[ '29777799', 40.81799, -73.92, 'http://www.zillow.com/homedetails/322-E-151st-St-Bronx-NY-10451/29777799_zpid/' ],[ '29777880', 40.8271, -73.91635, 'http://www.zillow.com/homedetails/299-E-163rd-St-Bronx-NY-10451/29777880_zpid/' ],[ '29777942', 40.833635, -73.910474, 'http://www.zillow.com/homedetails/1260-Teller-Ave-Bronx-NY-10456/29777942_zpid/' ],[ '29777998', 40.83367, -73.91253, 'http://www.zillow.com/homedetails/1234-College-Ave-Bronx-NY-10456/29777998_zpid/' ],[ '29778070', 40.829665, -73.91586, 'http://www.zillow.com/homedetails/1048-Morris-Ave-Bronx-NY-10456/29778070_zpid/' ],[ '29778079', 40.829835, -73.915385, 'http://www.zillow.com/homedetails/1045-College-Ave-Bronx-NY-10456/29778079_zpid/' ],[ '29778104', 40.834075, -73.91291, 'http://www.zillow.com/homedetails/1245-College-Ave-Bronx-NY-10456/29778104_zpid/' ],[ '29778200', 40.831545, -73.916879, 'http://www.zillow.com/homedetails/1116-Sherman-Ave-Bronx-NY-10456/29778200_zpid/' ],[ '29778472', 40.84005, -73.92276, 'http://www.zillow.com/homedetails/1303-Shakespeare-Ave-Bronx-NY-10452/29778472_zpid/' ],[ '29778563', 40.834135, -73.929035, 'http://www.zillow.com/homedetails/1041-Ogden-Ave-Bronx-NY-10452/29778563_zpid/' ],[ '29778707', 40.807085, -73.91086, 'http://www.zillow.com/homedetails/329-Concord-Ave-Bronx-NY-10454/29778707_zpid/' ],[ '29779018', 40.81961, -73.90807, 'http://www.zillow.com/homedetails/782-Cauldwell-Ave-Bronx-NY-10456/29779018_zpid/' ],[ '29779019', 40.819665, -73.90805, 'http://www.zillow.com/homedetails/784-Cauldwell-Ave-Bronx-NY-10456/29779019_zpid/' ],[ '29779112', 40.826475, -73.904765, 'http://www.zillow.com/homedetails/1047-Trinity-Ave-Bronx-NY-10456/29779112_zpid/' ],[ '68310266', 40.8227, -73.902175, 'http://www.zillow.com/homedetails/801-E-163rd-St-Bronx-NY-10456/68310266_zpid/' ],[ '29779576', 40.826634, -73.901164, 'http://www.zillow.com/homedetails/1118-Tinton-Ave-Bronx-NY-10456/29779576_zpid/' ],[ '29779643', 40.817049, -73.903465, 'http://www.zillow.com/homedetails/722-Union-Ave-Bronx-NY-10455/29779643_zpid/' ],[ '29779893', 40.81301, -73.903314, 'http://www.zillow.com/homedetails/550-Fox-St-Bronx-NY-10455/29779893_zpid/' ],[ '29780489', 40.82352, -73.89554, 'http://www.zillow.com/homedetails/1012-Kelly-St-Bronx-NY-10459/29780489_zpid/' ],[ '29780596', 40.828095, -73.89318, 'http://www.zillow.com/homedetails/1171-Simpson-St-Bronx-NY-10459/29780596_zpid/' ],[ '29780840', 40.82655, -73.89149, 'http://www.zillow.com/homedetails/966-E-167th-St-Bronx-NY-10459/29780840_zpid/' ],[ '55540918', 40.82447, -73.890235, 'http://www.zillow.com/homedetails/1044-Hoe-Ave-Bronx-NY-10459/55540918_zpid/' ],[ '29780982', 40.827569, -73.89025, 'http://www.zillow.com/homedetails/1145-Vyse-Ave-Bronx-NY-10459/29780982_zpid/' ],[ '29781112', 40.819205, -73.88801, 'http://www.zillow.com/homedetails/881-Faile-St-Bronx-NY-10474/29781112_zpid/' ],[ '29781310', 40.81301, -73.88675, 'http://www.zillow.com/homedetails/630-Coster-St-Bronx-NY-10474/29781310_zpid/' ],[ '29781332', 40.813345, -73.88588, 'http://www.zillow.com/homedetails/632-Faile-St-Bronx-NY-10474/29781332_zpid/' ],[ '29781396', 40.83503, -73.9103, 'http://www.zillow.com/homedetails/1323-Teller-Ave-Bronx-NY-10456/29781396_zpid/' ],[ '29781445', 40.835925, -73.90886, 'http://www.zillow.com/homedetails/1353-Clay-Ave-Bronx-NY-10456/29781445_zpid/' ],[ '29781712.0', 40.845935, -73.90503, 'http://www.zillow.com/homedetails/1767-Clay-Ave-Bronx-NY-10457/29781712_zpid/' ],[ '29781744', 40.847935, -73.904985, 'http://www.zillow.com/homedetails/232-Mount-Hope-Pl-Bronx-NY-10457/29781744_zpid/' ],[ '29781832', 40.850715, -73.903745, 'http://www.zillow.com/homedetails/220-E-179th-St-Bronx-NY-10457/29781832_zpid/' ],[ '29781925', 40.852345, -73.907095, 'http://www.zillow.com/homedetails/2008-Walton-Ave-Bronx-NY-10453/29781925_zpid/' ],[ '29781953', 40.845569, -73.91238, 'http://www.zillow.com/homedetails/1670-Townsend-Ave-Bronx-NY-10453/29781953_zpid/' ],[ '29782038', 40.84679, -73.916275, 'http://www.zillow.com/homedetails/1628-Macombs-Rd-Bronx-NY-10453/29782038_zpid/' ],[ '29782246', 40.842855, -73.922045, 'http://www.zillow.com/homedetails/1419-Nelson-Ave-Bronx-NY-10452/29782246_zpid/' ],[ '83178569', 40.850658, -73.919189, 'http://www.zillow.com/homedetails/1740-Popham-Ave-Bronx-NY-10453/83178569_zpid/' ],[ '29782653', 40.854045, -73.91852, 'http://www.zillow.com/homedetails/1876-Cedar-Ave-Bronx-NY-10453/29782653_zpid/' ],[ '29782754', 40.844935, -73.900455, 'http://www.zillow.com/homedetails/440-E-175th-St-Bronx-NY-10457/29782754_zpid/' ],[ '29782851', 40.838185, -73.900385, 'http://www.zillow.com/homedetails/543-Claremont-Pkwy-Bronx-NY-10457/29782851_zpid/' ],[ '29782854', 40.832425, -73.90295, 'http://www.zillow.com/homedetails/1304-Fulton-Ave-Bronx-NY-10456/29782854_zpid/' ],[ '29782870', 40.8341, -73.90087, 'http://www.zillow.com/homedetails/602-E-170th-St-Bronx-NY-10456/29782870_zpid/' ],[ '29782921', 40.8333, -73.89839, 'http://www.zillow.com/homedetails/1393-Crotona-Ave-Bronx-NY-10456/29782921_zpid/' ],[ '29782981', 40.8337, -73.89735, 'http://www.zillow.com/homedetails/685-E-170th-St-Bronx-NY-10456/29782981_zpid/' ],[ '29783085', 40.84133, -73.891485, 'http://www.zillow.com/homedetails/766-E-175th-St-Bronx-NY-10460/29783085_zpid/' ],[ '29783108', 40.842985, -73.88847, 'http://www.zillow.com/homedetails/798-Elsmere-Pl-Bronx-NY-10460/29783108_zpid/' ],[ '29783668', 40.833905, -73.89123, 'http://www.zillow.com/homedetails/1455-Minford-Pl-Bronx-NY-10460/29783668_zpid/' ],[ '29783924', 40.833425, -73.88725, 'http://www.zillow.com/homedetails/1517-Bryant-Ave-Bronx-NY-10460/29783924_zpid/' ],[ '29784070', 40.860865, -73.893859, 'http://www.zillow.com/homedetails/2491-Marion-Ave-Bronx-NY-10458/29784070_zpid/' ],[ '29784116', 40.85432, -73.896054, 'http://www.zillow.com/homedetails/4467-Park-Ave-Bronx-NY-10457/29784116_zpid/' ],[ '83178735', 40.856151, -73.89286, 'http://www.zillow.com/homedetails/469-E-184th-St-B-Bronx-NY-10458/83178735_zpid/' ],[ '29784242', 40.85727, -73.892875, 'http://www.zillow.com/homedetails/448-E-186th-St-Bronx-NY-10458/29784242_zpid/' ],[ '29784385', 40.85366, -73.893305, 'http://www.zillow.com/homedetails/505-E-182nd-St-Bronx-NY-10457/29784385_zpid/' ],[ '29784630', 40.8496, -73.891125, 'http://www.zillow.com/homedetails/2106-Arthur-Ave-Bronx-NY-10457/29784630_zpid/' ],[ '29784637', 40.849955, -73.89049, 'http://www.zillow.com/homedetails/616-E-181st-St-Bronx-NY-10457/29784637_zpid/' ],[ '29784985', 40.852385, -73.885645, 'http://www.zillow.com/homedetails/2305-Beaumont-Ave-Bronx-NY-10458/29784985_zpid/' ],[ '29784987', 40.852275, -73.88575, 'http://www.zillow.com/homedetails/693-E-183rd-St-Bronx-NY-10458/29784987_zpid/' ],[ '29785186', 40.84858, -73.885905, 'http://www.zillow.com/homedetails/2145-Prospect-Ave-Bronx-NY-10457/29785186_zpid/' ],[ '29785210', 40.84943, -73.88714, 'http://www.zillow.com/homedetails/2148-Crotona-Ave-Bronx-NY-10457/29785210_zpid/' ],[ '29785211', 40.849475, -73.887095, 'http://www.zillow.com/homedetails/2150-Crotona-Ave-Bronx-NY-10457/29785211_zpid/' ],[ '55541129', 40.852109, -73.885175, 'http://www.zillow.com/homedetails/705-E-183rd-St-Bronx-NY-10458/55541129_zpid/' ],[ '29785472', 40.85411, -73.88182, 'http://www.zillow.com/homedetails/2419-Southern-Blvd-Bronx-NY-10458/29785472_zpid/' ],[ '29785580', 40.842, -73.881215, 'http://www.zillow.com/homedetails/967-E-178th-St-Bronx-NY-10460/29785580_zpid/' ],[ '29785735', 40.852035, -73.90084, 'http://www.zillow.com/homedetails/2058-Ryer-Ave-Bronx-NY-10457/29785735_zpid/' ],[ '29785742', 40.85256, -73.900695, 'http://www.zillow.com/homedetails/2074-Ryer-Ave-Bronx-NY-10457/29785742_zpid/' ],[ '29785798', 40.85257, -73.901745, 'http://www.zillow.com/homedetails/2068-Anthony-Ave-Bronx-NY-10457/29785798_zpid/' ],[ '29785871', 40.856955, -73.901775, 'http://www.zillow.com/homedetails/2245-Creston-Ave-Bronx-NY-10453/29785871_zpid/' ],[ '29786104', 40.86062, -73.90326, 'http://www.zillow.com/homedetails/14-W-184th-St-Bronx-NY-10468/29786104_zpid/' ],[ '29786371', 40.856545, -73.90903, 'http://www.zillow.com/homedetails/2126-Aqueduct-Ave-E-Bronx-NY-10453/29786371_zpid/' ],[ '29786593', 40.861585, -73.908835, 'http://www.zillow.com/homedetails/2295-Loring-Pl-N-Bronx-NY-10468/29786593_zpid/' ],[ '29786660', 40.856285, -73.91691, 'http://www.zillow.com/homedetails/1968-Cedar-Ave-Bronx-NY-10453/29786660_zpid/' ],[ '29786905', 40.87233, -73.898675, 'http://www.zillow.com/homedetails/2828-University-Ave-Bronx-NY-10468/29786905_zpid/' ],[ '29787435', 40.884175, -73.893824, 'http://www.zillow.com/homedetails/112-Van-Cortlandt-Ave-W-Bronx-NY-10463/29787435_zpid/' ],[ '29787716', 40.86703, -73.886249, 'http://www.zillow.com/homedetails/2815-Decatur-Ave-Bronx-NY-10458/29787716_zpid/' ],[ '29787795', 40.867485, -73.887835, 'http://www.zillow.com/homedetails/2804-Pond-Pl-Bronx-NY-10458/29787795_zpid/' ],[ '29787815', 40.867115, -73.887575, 'http://www.zillow.com/homedetails/2789-Marion-Ave-Bronx-NY-10458/29787815_zpid/' ],[ '29787952', 40.869575, -73.887715, 'http://www.zillow.com/homedetails/2880-Briggs-Ave-Bronx-NY-10458/29787952_zpid/' ],[ '29788035', 40.86824, -73.890279, 'http://www.zillow.com/homedetails/2787-Briggs-Ave-Bronx-NY-10458/29788035_zpid/' ],[ '29788039', 40.867775, -73.890725, 'http://www.zillow.com/homedetails/2765-Briggs-Ave-Bronx-NY-10458/29788039_zpid/' ],[ '29788140', 40.873385, -73.886225, 'http://www.zillow.com/homedetails/213-E-202nd-St-Bronx-NY-10458/29788140_zpid/' ],[ '29788155', 40.873085, -73.884995, 'http://www.zillow.com/homedetails/243-E-202nd-St-Bronx-NY-10458/29788155_zpid/' ],[ '29788303', 40.869155, -73.894265, 'http://www.zillow.com/homedetails/2762-Morris-Ave-Bronx-NY-10468/29788303_zpid/' ],[ '2097015702', 40.8755, -73.88831, 'http://www.zillow.com/homedetails/3126-Jerome-Ave-Bronx-NY-10468/2097015702_zpid/' ],[ '29789808', 40.90192, -73.867375, 'http://www.zillow.com/homedetails/315-E-241st-St-Bronx-NY-10470/29789808_zpid/' ],[ '29790571', 40.810745, -73.8579, 'http://www.zillow.com/homedetails/255-Underhill-Ave-Bronx-NY-10473/29790571_zpid/' ],[ '29790584', 40.809555, -73.85761, 'http://www.zillow.com/homedetails/1514-Harding-Park-Bronx-NY-10473/29790584_zpid/' ],[ '29790747', 40.81019, -73.850765, 'http://www.zillow.com/homedetails/2011-Gildersleeve-Ave-Bronx-NY-10473/29790747_zpid/' ],[ '29790752', 40.810535, -73.85099, 'http://www.zillow.com/homedetails/216-Husson-Ave-Bronx-NY-10473/29790752_zpid/' ],[ '29790900', 40.81213, -73.85824, 'http://www.zillow.com/homedetails/329-Underhill-Ave-Bronx-NY-10473/29790900_zpid/' ],[ '29790986', 40.8127, -73.855295, 'http://www.zillow.com/homedetails/337-Newman-Ave-Bronx-NY-10473/29790986_zpid/' ],[ '29791298', 40.814665, -73.859775, 'http://www.zillow.com/homedetails/451-Leland-Ave-Bronx-NY-10473/29791298_zpid/' ],[ '29791487', 40.81471, -73.849835, 'http://www.zillow.com/homedetails/404-Olmstead-Ave-Bronx-NY-10473/29791487_zpid/' ],[ '29791515', 40.81633, -73.84977, 'http://www.zillow.com/homedetails/2116-Lacombe-Ave-Bronx-NY-10473/29791515_zpid/' ],[ '29791602', 40.81618, -73.849145, 'http://www.zillow.com/homedetails/454-Torry-Ave-Bronx-NY-10473/29791602_zpid/' ],[ '29791672', 40.81631, -73.84663, 'http://www.zillow.com/homedetails/447-Turneur-Ave-Bronx-NY-10473/29791672_zpid/' ],[ '29792005', 40.816235, -73.858255, 'http://www.zillow.com/homedetails/523-Bolton-Ave-Bronx-NY-10473/29792005_zpid/' ],[ '29792320', 40.817814, -73.86469, 'http://www.zillow.com/homedetails/634-Commonwealth-Ave-Bronx-NY-10473/29792320_zpid/' ],[ '29792378', 40.818545, -73.863885, 'http://www.zillow.com/homedetails/648-Saint-Lawrence-Ave-Bronx-NY-10473/29792378_zpid/' ],[ '29792388', 40.8184, -73.863495, 'http://www.zillow.com/homedetails/649-Beach-Ave-Bronx-NY-10473/29792388_zpid/' ],[ '29792576', 40.81985, -73.866785, 'http://www.zillow.com/homedetails/735-Rosedale-Ave-Bronx-NY-10473/29792576_zpid/' ],[ '29792649', 40.81914, -73.865135, 'http://www.zillow.com/homedetails/1761-Seward-Ave-Bronx-NY-10473/29792649_zpid/' ],[ '29792661', 40.81997, -73.865195, 'http://www.zillow.com/homedetails/732-Commonwealth-Ave-Bronx-NY-10473/29792661_zpid/' ],[ '29792768', 40.82116, -73.862465, 'http://www.zillow.com/homedetails/1828-Lafayette-Ave-Bronx-NY-10473/29792768_zpid/' ],[ '29793347', 40.82304, -73.87818, 'http://www.zillow.com/homedetails/953-Elder-Ave-Bronx-NY-10473/29793347_zpid/' ],[ '29793467', 40.825015, -73.86318, 'http://www.zillow.com/homedetails/1842-Bruckner-Blvd-Bronx-NY-10473/29793467_zpid/' ],[ '29793851', 40.826325, -73.850265, 'http://www.zillow.com/homedetails/2171-Quimby-Ave-Bronx-NY-10473/29793851_zpid/' ],[ '29793865', 40.826134, -73.851665, 'http://www.zillow.com/homedetails/2125-Quimby-Ave-Bronx-NY-10473/29793865_zpid/' ],[ '29794108', 40.824155, -73.845725, 'http://www.zillow.com/homedetails/822-Havemeyer-Ave-Bronx-NY-10473/29794108_zpid/' ],[ '29794306', 40.824349, -73.878845, 'http://www.zillow.com/homedetails/1024-Wheeler-Ave-Bronx-NY-10472/29794306_zpid/' ],[ '29794422', 40.82583, -73.875005, 'http://www.zillow.com/homedetails/1055-Stratford-Ave-Bronx-NY-10472/29794422_zpid/' ],[ '29794448', 40.825875, -73.871475, 'http://www.zillow.com/homedetails/1038-Metcalf-Ave-Bronx-NY-10472/29794448_zpid/' ],[ '29795201', 40.8296, -73.861815, 'http://www.zillow.com/homedetails/1134-Underhill-Ave-Bronx-NY-10472/29795201_zpid/' ],[ '2102563843', 40.830051, -73.866119, 'http://www.zillow.com/homedetails/1207-Beach-Ave-Bronx-NY-10472/2102563843_zpid/' ],[ '29795925', 40.829885, -73.876925, 'http://www.zillow.com/homedetails/1227-Manor-Ave-Bronx-NY-10472/29795925_zpid/' ],[ '29796896', 40.829094, -73.8517, 'http://www.zillow.com/homedetails/2147-Blackrock-Ave-Bronx-NY-10472/29796896_zpid/' ],[ '29797980', 40.83367, -73.871929, 'http://www.zillow.com/homedetails/1347-Croes-Ave-Bronx-NY-10472/29797980_zpid/' ],[ '29798463', 40.836185, -73.86845, 'http://www.zillow.com/homedetails/1433-Saint-Lawrence-Ave-Bronx-NY-10460/29798463_zpid/' ],[ '29798655', 40.83947, -73.874905, 'http://www.zillow.com/homedetails/1169-E-178th-St-Bronx-NY-10460/29798655_zpid/' ],[ '29798840', 40.839095, -73.86765, 'http://www.zillow.com/homedetails/1537-Beach-Ave-Bronx-NY-10460/29798840_zpid/' ],[ '29798854', 40.838215, -73.867764, 'http://www.zillow.com/homedetails/1793-Mansion-St-Bronx-NY-10460/29798854_zpid/' ],[ '29812241', 40.841359, -73.848244, 'http://www.zillow.com/homedetails/1626-Saint-Peters-Ave-Bronx-NY-10461/29812241_zpid/' ],[ '29812755', 40.842895, -73.866125, 'http://www.zillow.com/homedetails/645-Mead-St-Bronx-NY-10460/29812755_zpid/' ],[ '29812847', 40.84417, -73.86683, 'http://www.zillow.com/homedetails/1721-Victor-St-Bronx-NY-10462/29812847_zpid/' ],[ '29813110', 40.84488, -73.861965, 'http://www.zillow.com/homedetails/1706-Barnes-Ave-Bronx-NY-10462/29813110_zpid/' ],[ '29813348', 40.846295, -73.86488, 'http://www.zillow.com/homedetails/1823-Holland-Ave-Bronx-NY-10462/29813348_zpid/' ],[ '29813601', 40.84385, -73.854315, 'http://www.zillow.com/homedetails/1557-Radcliff-Ave-Bronx-NY-10462/29813601_zpid/' ],[ '29814448', 40.846779, -73.855865, 'http://www.zillow.com/homedetails/985-Van-Nest-Ave-Bronx-NY-10462/29814448_zpid/' ],[ '29814764', 40.84925, -73.84862, 'http://www.zillow.com/homedetails/1657-Hering-Ave-Bronx-NY-10461/29814764_zpid/' ],[ '29815886', 40.84788, -73.83537, 'http://www.zillow.com/homedetails/1819-Mulford-Ave-Bronx-NY-10461/29815886_zpid/' ],[ '29817076', 40.85361, -73.829195, 'http://www.zillow.com/homedetails/2044-Saint-Paul-Ave-Bronx-NY-10461/29817076_zpid/' ],[ '29817223', 40.84906, -73.86625, 'http://www.zillow.com/homedetails/1947-Hunt-Ave-Bronx-NY-10462/29817223_zpid/' ],[ '29817230', 40.849215, -73.866215, 'http://www.zillow.com/homedetails/1951-Hunt-Ave-Bronx-NY-10462/29817230_zpid/' ],[ '29818165', 40.851205, -73.861665, 'http://www.zillow.com/homedetails/915-Neill-Ave-Bronx-NY-10462/29818165_zpid/' ],[ '29818269', 40.852959, -73.861385, 'http://www.zillow.com/homedetails/2051-Bogart-Ave-Bronx-NY-10462/29818269_zpid/' ],[ '29818301', 40.85261, -73.860375, 'http://www.zillow.com/homedetails/2035-Radcliff-Ave-Bronx-NY-10462/29818301_zpid/' ],[ '29820881', 40.864355, -73.858075, 'http://www.zillow.com/homedetails/2541-Hone-Ave-Bronx-NY-10469/29820881_zpid/' ],[ '29821065', 40.861895, -73.85365, 'http://www.zillow.com/homedetails/2424-Hering-Ave-Bronx-NY-10469/29821065_zpid/' ],[ '29821376', 40.864585, -73.852274, 'http://www.zillow.com/homedetails/2557-Pearsall-Ave-Bronx-NY-10469/29821376_zpid/' ],[ '29821971', 40.86458, -73.84468, 'http://www.zillow.com/homedetails/2561-Fenton-Ave-Bronx-NY-10469/29821971_zpid/' ],[ '29822108', 40.864715, -73.843705, 'http://www.zillow.com/homedetails/2567-Eastchester-Rd-Bronx-NY-10469/29822108_zpid/' ],[ '29822256', 40.864395, -73.841415, 'http://www.zillow.com/homedetails/2544-Woodhull-Ave-Bronx-NY-10469/29822256_zpid/' ],[ '29822438', 40.864785, -73.84012, 'http://www.zillow.com/homedetails/2573-Westervelt-Ave-Bronx-NY-10469/29822438_zpid/' ],[ '29822972', 40.86732, -73.858895, 'http://www.zillow.com/homedetails/2763-Paulding-Ave-Bronx-NY-10469/29822972_zpid/' ],[ '29823040', 40.867005, -73.85739, 'http://www.zillow.com/homedetails/2752-Hone-Ave-Bronx-NY-10469/29823040_zpid/' ],[ '29823763', 40.866045, -73.840425, 'http://www.zillow.com/homedetails/2728-Mickle-Ave-Bronx-NY-10469/29823763_zpid/' ],[ '29823768', 40.86643, -73.84041, 'http://www.zillow.com/homedetails/2738-Mickle-Ave-Bronx-NY-10469/29823768_zpid/' ],[ '29824269', 40.86902, -73.853405, 'http://www.zillow.com/homedetails/2942-Hering-Ave-Bronx-NY-10469/29824269_zpid/' ],[ '29824511', 40.86707, -73.84796, 'http://www.zillow.com/homedetails/2713-Dewitt-Pl-Bronx-NY-10469/29824511_zpid/' ],[ '29824853', 40.8698, -73.85877, 'http://www.zillow.com/homedetails/987-Adee-Ave-Bronx-NY-10469/29824853_zpid/' ],[ '29825536', 40.872605, -73.859085, 'http://www.zillow.com/homedetails/3240-Colden-Ave-Bronx-NY-10469/29825536_zpid/' ],[ '29826412', 40.88518, -73.865635, 'http://www.zillow.com/homedetails/3817-Carpenter-Ave-Bronx-NY-10467/29826412_zpid/' ],[ '29826428', 40.88538, -73.86552, 'http://www.zillow.com/homedetails/3825-Carpenter-Ave-Bronx-NY-10467/29826428_zpid/' ],[ '29826632', 40.879155, -73.86355, 'http://www.zillow.com/homedetails/3610-Holland-Ave-Bronx-NY-10467/29826632_zpid/' ],[ '29826824', 40.882235, -73.860655, 'http://www.zillow.com/homedetails/769-E-218th-St-Bronx-NY-10467/29826824_zpid/' ],[ '29826845', 40.882855, -73.862355, 'http://www.zillow.com/homedetails/715-E-218th-St-Bronx-NY-10467/29826845_zpid/' ],[ '29826956', 40.88498, -73.86117, 'http://www.zillow.com/homedetails/719-E-221st-St-Bronx-NY-10467/29826956_zpid/' ],[ '29827181', 40.880375, -73.858714, 'http://www.zillow.com/homedetails/856-E-217th-St-Bronx-NY-10467/29827181_zpid/' ],[ '29827325', 40.882955, -73.85752, 'http://www.zillow.com/homedetails/853-E-220th-St-Bronx-NY-10467/29827325_zpid/' ],[ '29827354', 40.883395, -73.85784, 'http://www.zillow.com/homedetails/838-E-221st-St-Bronx-NY-10467/29827354_zpid/' ],[ '29827575', 40.878029, -73.857149, 'http://www.zillow.com/homedetails/941-E-214th-St-Bronx-NY-10469/29827575_zpid/' ],[ '29827593', 40.87847, -73.857644, 'http://www.zillow.com/homedetails/928-E-215th-St-Bronx-NY-10469/29827593_zpid/' ],[ '29827806', 40.881654, -73.855955, 'http://www.zillow.com/homedetails/921-E-219th-St-Bronx-NY-10469/29827806_zpid/' ],[ '29827999', 40.87547, -73.856709, 'http://www.zillow.com/homedetails/1033-E-211th-St-Bronx-NY-10469/29827999_zpid/' ],[ '29828471', 40.88232, -73.851985, 'http://www.zillow.com/homedetails/1038-E-222nd-St-Bronx-NY-10469/29828471_zpid/' ],[ '29828963', 40.878945, -73.849905, 'http://www.zillow.com/homedetails/1432-Needham-Ave-Bronx-NY-10469/29828963_zpid/' ],[ '29829252', 40.87402, -73.851225, 'http://www.zillow.com/homedetails/3337-Bouck-Ave-Bronx-NY-10469/29829252_zpid/' ],[ '29829256', 40.873805, -73.851105, 'http://www.zillow.com/homedetails/3329-Bouck-Ave-Bronx-NY-10469/29829256_zpid/' ],[ '29829286', 40.87357, -73.85098, 'http://www.zillow.com/homedetails/3319-Bouck-Ave-Bronx-NY-10469/29829286_zpid/' ],[ '29829301', 40.87435, -73.85038, 'http://www.zillow.com/homedetails/3341-Wilson-Ave-Bronx-NY-10469/29829301_zpid/' ],[ '29829336', 40.874295, -73.85074, 'http://www.zillow.com/homedetails/3340-Bouck-Ave-Bronx-NY-10469/29829336_zpid/' ],[ '29829419', 40.874885, -73.850055, 'http://www.zillow.com/homedetails/3352-Wilson-Ave-Bronx-NY-10469/29829419_zpid/' ],[ '29829907', 40.875325, -73.84405, 'http://www.zillow.com/homedetails/1605-Givan-Ave-Bronx-NY-10469/29829907_zpid/' ],[ '29829972', 40.873915, -73.84546, 'http://www.zillow.com/homedetails/3242-Corsa-Ave-Bronx-NY-10469/29829972_zpid/' ],[ '29830133', 40.876239, -73.84263, 'http://www.zillow.com/homedetails/3320-Tiemann-Ave-Bronx-NY-10469/29830133_zpid/' ],[ '29830728', 40.870635, -73.84072, 'http://www.zillow.com/homedetails/3014-Kingsland-Ave-Bronx-NY-10469/29830728_zpid/' ],[ '29831078', 40.872285, -73.83539, 'http://www.zillow.com/homedetails/3013-Edson-Ave-Bronx-NY-10469/29831078_zpid/' ],[ '29831132', 40.869365, -73.840705, 'http://www.zillow.com/homedetails/2943-Kingsland-Ave-Bronx-NY-10469/29831132_zpid/' ],[ '29831670', 40.887215, -73.86203, 'http://www.zillow.com/homedetails/670-E-224th-St-Bronx-NY-10466/29831670_zpid/' ],[ '29832313', 40.884895, -73.857355, 'http://www.zillow.com/homedetails/830-E-223rd-St-Bronx-NY-10466/29832313_zpid/' ],[ '29832495', 40.887425, -73.854815, 'http://www.zillow.com/homedetails/858-E-227th-St-Bronx-NY-10466/29832495_zpid/' ],[ '29832677', 40.890345, -73.853559, 'http://www.zillow.com/homedetails/848-E-231st-St-Bronx-NY-10466/29832677_zpid/' ],[ '29832749', 40.891665, -73.853635, 'http://www.zillow.com/homedetails/829-E-232nd-St-Bronx-NY-10466/29832749_zpid/' ],[ '29832750', 40.891684, -73.85369, 'http://www.zillow.com/homedetails/827-E-232nd-St-Bronx-NY-10466/29832750_zpid/' ],[ '29832875', 40.884635, -73.85273, 'http://www.zillow.com/homedetails/963-E-224th-St-Bronx-NY-10466/29832875_zpid/' ],[ '29832953', 40.885985, -73.8529, 'http://www.zillow.com/homedetails/934-E-226th-St-Bronx-NY-10466/29832953_zpid/' ],[ '29833475', 40.88578, -73.851015, 'http://www.zillow.com/homedetails/1007-E-226th-St-Bronx-NY-10466/29833475_zpid/' ],[ '29833837', 40.889795, -73.846945, 'http://www.zillow.com/homedetails/1044-E-233rd-St-Bronx-NY-10466/29833837_zpid/' ],[ '29834166', 40.880175, -73.845045, 'http://www.zillow.com/homedetails/1271-E-222nd-St-Bronx-NY-10469/29834166_zpid/' ],[ '29834428', 40.88284, -73.847465, 'http://www.zillow.com/homedetails/1157-E-224th-St-Bronx-NY-10466/29834428_zpid/' ],[ '29834757', 40.888295, -73.844574, 'http://www.zillow.com/homedetails/1143-Grenada-Pl-Bronx-NY-10466/29834757_zpid/' ],[ '29834774', 40.88849, -73.843175, 'http://www.zillow.com/homedetails/1183-Grenada-Pl-Bronx-NY-10466/29834774_zpid/' ],[ '29835966', 40.890615, -73.84404, 'http://www.zillow.com/homedetails/4035-Edson-Ave-Bronx-NY-10466/29835966_zpid/' ],[ '29836130', 40.89183, -73.842005, 'http://www.zillow.com/homedetails/4048-De-Reimer-Ave-Bronx-NY-10466/29836130_zpid/' ],[ '29837185', 40.895025, -73.84955, 'http://www.zillow.com/homedetails/4227-Wickham-Ave-Bronx-NY-10466/29837185_zpid/' ],[ '29837750', 40.896915, -73.842919, 'http://www.zillow.com/homedetails/2056-Pitman-Ave-Bronx-NY-10466/29837750_zpid/' ],[ '29838231', 40.895975, -73.854244, 'http://www.zillow.com/homedetails/4327-Byron-Ave-Bronx-NY-10466/29838231_zpid/' ],[ '29838387', 40.8958, -73.850349, 'http://www.zillow.com/homedetails/1775-Pitman-Ave-Bronx-NY-10466/29838387_zpid/' ],[ '29838445', 40.89584, -73.850169, 'http://www.zillow.com/homedetails/1781-Pitman-Ave-Bronx-NY-10466/29838445_zpid/' ],[ '29838896', 40.897864, -73.843365, 'http://www.zillow.com/homedetails/4326-Wilder-Ave-Bronx-NY-10466/29838896_zpid/' ],[ '29839453', 40.90149, -73.851125, 'http://www.zillow.com/homedetails/4575-Furman-Ave-Bronx-NY-10470/29839453_zpid/' ],[ '29839671', 40.901165, -73.846155, 'http://www.zillow.com/homedetails/2015-Camp-St-Bronx-NY-10466/29839671_zpid/' ],[ '29840153', 40.904965, -73.847915, 'http://www.zillow.com/homedetails/4781-Barnes-Ave-Bronx-NY-10470/29840153_zpid/' ],[ '29840367', 40.90344, -73.84572, 'http://www.zillow.com/homedetails/855-Cranford-Ave-Bronx-NY-10466/29840367_zpid/' ],[ '29840455', 40.9033, -73.842355, 'http://www.zillow.com/homedetails/4525-Seton-Ave-Bronx-NY-10466/29840455_zpid/' ],[ '29840571', 40.860355, -73.825295, 'http://www.zillow.com/homedetails/2202-Palmer-Ave-Bronx-NY-10475/29840571_zpid/' ],[ '29840629', 40.8793, -73.836145, 'http://www.zillow.com/homedetails/2032-Tillotson-Ave-Bronx-NY-10475/29840629_zpid/' ],[ '29841883', 40.839655, -73.831295, 'http://www.zillow.com/homedetails/2914-Coddington-Ave-Bronx-NY-10461/29841883_zpid/' ],[ '2096550655', 40.83847, -73.83665, 'http://www.zillow.com/homedetails/1430-Edwards-Ave-Bronx-NY-10461/2096550655_zpid/' ],[ '29842576', 40.84256, -73.83413, 'http://www.zillow.com/homedetails/2862-Roebling-Ave-Bronx-NY-10461/29842576_zpid/' ],[ '29844291', 40.84546, -73.817725, 'http://www.zillow.com/homedetails/1523-Bayview-Ave-Bronx-NY-10465/29844291_zpid/' ],[ '29844729', 40.83254, -73.82281, 'http://www.zillow.com/homedetails/3060-Barkley-Ave-Bronx-NY-10465/29844729_zpid/' ],[ '29846518', 40.826094, -73.815065, 'http://www.zillow.com/homedetails/554-Ellsworth-Ave-Bronx-NY-10465/29846518_zpid/' ],[ '29846811', 40.816175, -73.809175, 'http://www.zillow.com/homedetails/339-Pennyfield-Ave-Bronx-NY-10465/29846811_zpid/' ],[ '29847553', 40.830479, -73.826925, 'http://www.zillow.com/homedetails/942-Revere-Ave-Bronx-NY-10465/29847553_zpid/' ],[ '29847738', 40.830529, -73.830285, 'http://www.zillow.com/homedetails/1040-Swinton-Ave-Bronx-NY-10465/29847738_zpid/' ],[ '29849005', 40.817195, -73.816994, 'http://www.zillow.com/homedetails/256-Revere-Ave-Bronx-NY-10465/29849005_zpid/' ],[ '29849147', 40.81583, -73.818005, 'http://www.zillow.com/homedetails/219-Calhoun-Ave-Bronx-NY-10465/29849147_zpid/' ],[ '29849716', 40.81394, -73.825155, 'http://www.zillow.com/homedetails/2639-Harding-Ave-Bronx-NY-10465/29849716_zpid/' ],[ '29850476.0', 40.846109, -73.786855, 'http://www.zillow.com/homedetails/100-Hawkins-St-Bronx-NY-10464/29850476_zpid/' ],[ '29850484.0', 40.845839, -73.786695, 'http://www.zillow.com/homedetails/103-Carroll-St-Bronx-NY-10464/29850484_zpid/' ],[ '29850649.0', 40.849005, -73.787489, 'http://www.zillow.com/homedetails/369-City-Island-Ave-Bronx-NY-10464/29850649_zpid/' ],[ '64634946.0', 40.85651, -73.790775, 'http://www.zillow.com/homedetails/690-Bridge-St-Bronx-NY-10464/64634946_zpid/' ],[ '30570187', 40.682715, -74.003515, 'http://www.zillow.com/homedetails/273-Columbia-St-Brooklyn-NY-11231/30570187_zpid/' ],[ '30573903', 40.66135, -73.993775, 'http://www.zillow.com/homedetails/694-5th-Ave-Brooklyn-NY-11215/30573903_zpid/' ],[ '2097480135', 40.6613, -73.9938, 'http://www.zillow.com/homedetails/694-5th-Ave-STE-A-Brooklyn-NY-11215/2097480135_zpid/' ]];"
p0
cnumpy.core.multiarray
scalar
p1
(cnumpy
dtype
p2
(S'f8'
p3
I0
I1
tp4
Rp5
(I3
S'<'
p6
NNNI-1
I-1
I0
tp7
bS'b\x10X9\xb4lD@'
p8
tp9
Rp10
g1
(g5
S'~\x1d8gDwR\xc0'
p11
tp12
Rp13
tp14
.